start_node,end_node
0,31
1,161
2,178
3,170
4,199
5,7
6,31
7,148
8,10
9,181
10,24
11,24
12,18
13,51
5,133
14,99
15,148
16,114
7,145
17,5
18,66
9,82
19,12
20,148
21,202
22,85
23,163
24,133
22,190
24,1
19,214
25,50
21,155
26,168
27,84
24,2
28,192
29,38
30,38
31,167
32,56
33,174
7,167
18,61
30,5
34,109
24,143
35,24
36,51
12,49
5,195
37,76
12,16
5,4
18,27
38,151
39,129
38,30
40,92
5,22
9,63
41,162
42,68
42,147
43,19
44,65
22,54
22,25
45,197
1,150
46,21
47,38
48,98
49,60
50,33
7,50
51,97
52,47
47,84
39,77
53,109
54,68
55,137
44,179
56,138
57,117
58,52
24,202
59,13
60,199
5,138
61,167
35,92
18,68
36,56
62,2
63,12
64,155
3,162
65,181
64,97
66,40
67,197
62,16
40,114
69,98
70,80
71,64
58,208
38,66
44,167
72,179
32,190
73,125
74,19
50,11
75,149
76,126
22,2
12,133
77,137
45,80
78,202
65,133
21,91
64,138
79,197
74,77
32,27
30,109
57,167
80,162
46,9
24,16
49,197
33,61
27,167
81,167
82,59
18,59
21,63
65,48
83,84
49,50
17,51
84,23
61,43
85,78
86,162
0,46
13,76
87,22
24,90
87,24
88,201
89,47
75,71
72,98
90,147
37,178
49,171
54,51
18,81
74,123
91,171
61,1
69,64
68,80
92,150
93,162
29,63
56,190
38,133
9,149
94,179
95,199
18,36
12,163
62,86
16,50
32,1
4,109
96,114
97,145
98,10
9,204
78,1
21,121
98,96
99,197
33,5
91,5
100,162
101,200
38,204
74,198
102,162
58,171
64,84
47,7
85,5
16,26
16,171
103,205
20,135
74,109
35,76
50,79
72,0
104,109
14,47
105,139
7,90
106,145
78,161
33,46
107,101
12,92
12,5
64,18
108,19
0,63
58,204
1,204
38,69
25,12
12,147
26,167
25,51
72,85
3,32
109,16
72,190
19,146
21,179
18,20
97,50
12,78
77,107
70,162
110,72
111,140
112,171
113,129
114,167
49,26
65,74
115,217
116,171
44,147
25,33
35,136
117,138
21,102
97,171
117,176
118,138
36,97
98,186
69,197
21,36
44,27
7,31
68,197
72,27
42,121
42,20
44,84
36,4
41,32
72,49
42,126
98,147
23,20
78,33
117,147
20,167
72,150
39,211
103,74
110,33
51,43
85,72
12,13
64,110
55,62
22,4
119,206
29,152
83,170
113,44
14,56
32,195
2,60
85,84
90,36
14,171
120,148
24,54
121,134
122,139
72,51
3,197
30,171
123,11
12,199
98,151
18,201
121,133
110,84
5,12
124,125
85,161
125,9
121,80
126,31
38,44
89,80
127,161
88,50
128,6
9,46
118,3
12,148
129,134
46,161
0,9
66,171
85,12
130,214
29,4
131,52
63,97
105,30
101,171
71,147
55,128
72,62
53,78
48,62
21,31
124,209
68,88
132,178
25,141
42,146
78,16
75,123
71,54
119,172
122,27
133,38
29,109
118,162
13,64
10,135
0,214
36,167
23,85
11,38
14,46
35,27
134,38
135,29
13,131
33,63
61,51
57,38
16,144
99,20
90,31
51,144
23,199
122,49
59,217
136,107
135,24
62,145
137,214
13,167
42,5
101,166
138,147
64,179
139,148
49,40
140,192
131,190
97,114
79,23
3,90
65,112
73,164
38,10
68,59
89,117
136,9
109,167
108,15
16,162
61,49
122,155
17,4
18,45
141,78
46,202
101,51
142,31
2,167
118,21
96,78
53,25
1,79
38,47
10,51
134,140
143,101
3,81
24,95
94,103
50,178
54,44
21,44
144,98
81,3
145,51
137,183
146,97
147,7
148,102
129,200
23,190
122,63
1,190
96,20
65,31
139,14
113,154
61,85
35,89
14,135
49,81
109,198
4,12
24,136
149,184
68,24
114,29
33,20
9,199
19,122
16,20
4,44
118,109
62,47
43,167
80,97
36,151
90,18
72,42
145,190
38,50
149,145
101,121
7,109
150,61
78,21
126,109
63,198
27,186
139,22
30,47
150,79
25,4
151,199
152,98
92,176
153,109
20,139
58,15
84,29
108,166
147,67
154,173
10,61
2,110
155,143
58,97
101,116
21,190
133,171
8,204
156,162
8,197
50,7
13,190
151,167
51,62
4,33
35,85
148,146
157,47
25,133
9,15
49,0
24,91
41,5
29,33
56,145
1,49
85,168
93,31
53,162
134,51
18,47
30,116
72,60
26,138
18,92
32,98
108,80
158,148
8,23
14,7
61,4
64,23
2,21
42,214
60,21
23,62
159,88
57,199
24,31
33,85
40,46
45,199
160,109
77,161
29,162
29,86
18,50
157,92
91,81
36,202
136,63
14,109
14,38
91,10
84,24
79,27
16,63
48,167
161,131
4,3
85,21
120,65
62,82
108,27
21,92
10,49
0,2
36,139
119,76
20,190
99,66
55,119
109,190
66,20
5,21
68,31
68,25
53,31
162,190
35,77
50,23
163,25
39,191
155,110
51,42
164,73
18,204
20,204
133,26
157,178
68,139
165,48
151,178
49,63
26,201
16,138
57,50
4,19
143,36
11,102
71,44
9,42
166,91
61,171
85,109
126,105
112,206
63,147
68,195
29,56
71,30
80,45
69,36
20,33
49,6
167,179
62,133
65,201
5,109
71,23
7,14
55,168
97,81
37,47
78,199
62,55
43,198
51,101
151,2
45,138
98,86
107,155
49,138
139,38
32,90
19,171
36,40
90,161
144,50
168,140
5,46
75,69
40,143
92,199
169,161
59,148
36,133
24,43
5,186
155,171
18,146
92,72
64,148
91,31
119,42
22,61
23,101
170,47
29,44
42,148
16,133
46,3
23,179
65,134
157,5
102,21
103,201
122,16
93,161
21,204
40,204
38,107
107,136
118,161
19,170
19,7
44,162
166,101
97,162
123,31
56,92
121,148
98,30
97,91
157,87
44,168
77,97
76,161
83,25
32,20
171,116
10,138
49,101
49,43
57,42
1,86
117,123
20,96
96,83
88,107
26,44
75,103
103,134
62,56
65,149
9,171
27,174
95,63
46,134
172,213
28,211
161,163
94,181
4,155
173,183
18,22
43,114
50,145
4,144
86,50
120,147
50,9
89,31
21,12
12,51
19,32
133,84
85,201
113,109
92,5
4,51
14,17
152,31
51,167
174,190
110,44
166,55
24,122
175,47
21,49
121,146
105,47
31,202
94,62
113,213
133,24
90,24
14,133
176,0
64,141
125,119
26,110
177,134
10,9
118,202
176,117
33,91
178,195
133,109
46,144
50,98
99,190
179,162
145,204
7,101
91,85
66,167
161,98
51,14
31,179
103,181
7,143
0,59
36,10
85,63
50,77
88,199
56,109
14,138
82,68
17,190
24,5
39,192
1,63
110,31
180,194
72,184
56,24
97,198
44,114
119,212
181,162
161,43
51,20
36,8
134,178
120,145
144,25
121,117
87,84
152,150
102,145
122,190
84,147
125,193
114,43
94,107
65,202
49,62
117,167
182,168
156,107
183,137
13,112
65,47
64,76
97,66
151,66
51,98
154,52
152,110
4,152
3,61
144,51
38,46
9,143
51,151
62,25
32,4
44,80
24,77
53,50
107,60
145,138
29,214
23,9
156,31
136,162
14,170
98,63
47,195
46,150
122,43
29,9
16,62
35,33
50,42
46,204
50,181
73,39
61,21
20,95
138,155
7,19
97,199
5,14
61,195
69,72
94,19
64,149
96,69
24,199
76,162
20,43
10,50
175,31
108,98
64,190
161,6
174,64
106,167
45,127
68,171
75,181
74,184
32,171
74,148
5,145
19,20
122,47
32,134
25,17
147,5
138,33
21,96
184,47
23,26
161,47
33,66
143,150
36,197
44,71
61,109
152,178
137,109
79,195
3,98
19,51
88,31
113,162
71,63
1,96
23,138
95,79
161,162
114,31
102,161
62,63
37,215
184,162
19,31
152,151
66,44
15,42
29,198
25,18
77,176
84,38
62,143
101,139
144,68
21,50
9,109
12,152
60,12
42,85
100,179
61,155
0,43
17,97
26,163
92,95
10,109
103,200
163,20
43,29
150,22
82,131
10,155
9,213
79,118
71,198
24,114
86,40
149,74
92,78
155,23
53,150
147,130
155,24
62,147
64,157
60,23
119,111
92,147
20,38
86,33
107,171
8,21
1,109
143,197
26,5
104,137
133,25
57,138
185,125
49,135
149,50
55,44
10,62
120,115
61,138
163,38
85,8
12,71
0,79
26,127
22,148
141,162
3,23
53,107
14,145
110,12
125,168
157,162
24,150
107,7
161,111
58,35
184,44
25,64
78,12
21,84
62,27
152,1
42,143
171,186
135,23
141,64
125,196
38,195
100,71
138,162
134,37
24,14
85,157
161,69
55,26
72,5
60,2
10,22
95,163
157,144
145,186
45,171
150,109
26,176
139,24
51,204
184,94
40,63
32,110
1,110
133,167
120,47
60,47
21,2
18,110
17,167
136,184
93,139
31,199
49,27
16,148
57,71
78,32
29,190
2,133
110,46
120,76
94,161
155,38
29,138
148,49
21,145
1,7
148,31
161,4
44,110
12,72
24,27
91,178
121,213
139,190
133,50
63,110
155,178
24,61
139,120
12,135
27,116
186,171
151,43
110,5
68,7
18,62
44,142
123,77
187,191
100,47
25,9
23,92
155,54
169,89
125,107
188,124
109,54
9,151
79,0
121,31
19,147
149,9
38,95
92,53
107,54
94,57
189,134
120,139
85,91
15,162
47,139
36,6
72,147
183,206
49,25
84,10
190,109
12,36
171,145
91,23
40,3
41,161
174,162
115,31
108,42
92,16
163,197
191,119
104,181
27,3
88,47
1,53
144,202
88,134
69,108
107,85
24,22
57,19
138,139
85,123
46,143
42,119
123,23
192,140
173,137
69,85
14,21
14,151
161,56
143,110
10,56
122,46
49,42
33,107
25,10
63,133
138,31
118,0
35,21
40,49
88,195
36,118
131,13
83,138
8,148
118,20
181,205
95,197
29,62
26,204
12,7
64,43
36,198
25,204
78,93
125,192
98,167
94,38
38,99
81,47
133,23
14,25
29,10
36,109
78,144
85,213
13,139
70,19
18,82
148,26
71,80
110,144
50,82
121,13
9,148
44,98
81,66
51,134
97,49
108,82
11,74
49,9
144,29
127,50
65,168
50,144
98,56
33,123
46,179
20,71
13,117
43,143
64,22
61,202
119,177
88,184
92,86
62,134
53,16
19,150
65,162
193,137
135,9
45,103
194,74
77,84
87,32
33,161
134,130
96,47
143,179
143,90
64,1
155,179
64,19
107,20
8,161
27,107
122,178
24,100
38,4
24,23
17,178
60,148
49,110
16,9
10,21
75,145
147,136
11,31
169,178
177,119
114,72
122,64
1,92
62,43
97,51
94,67
176,12
20,2
107,31
23,135
71,43
102,109
64,122
155,167
91,109
152,176
195,217
174,36
109,68
25,42
157,66
122,2
83,139
117,80
62,10
13,62
48,31
54,112
72,7
101,197
29,143
16,110
100,148
163,1
42,167
25,114
122,59
173,177
76,51
26,22
175,147
10,178
9,214
176,131
10,23
5,9
91,51
50,0
15,69
51,163
85,22
77,217
78,179
63,80
105,101
15,109
133,101
136,109
85,200
121,147
126,165
89,9
20,27
18,76
98,51
112,31
20,54
74,82
26,136
84,87
162,171
139,54
26,134
98,161
32,51
196,203
114,49
156,71
127,9
64,204
24,69
150,170
53,190
105,161
8,190
29,72
21,33
43,204
63,176
84,97
13,178
9,10
25,78
96,0
49,29
63,1
68,127
158,30
72,29
97,7
7,198
50,204
49,170
174,20
133,21
98,72
65,125
19,29
69,84
64,171
88,65
110,2
102,5
62,201
20,0
18,0
90,157
161,61
146,88
101,62
33,84
49,118
7,135
155,30
71,5
13,89
106,123
5,118
10,47
4,21
22,197
44,72
40,86
72,162
197,145
97,214
43,47
121,171
129,103
78,86
79,109
147,9
20,21
106,178
142,162
174,147
2,0
36,31
48,65
152,43
117,91
66,110
38,24
5,38
58,138
23,150
74,15
74,107
71,144
88,110
97,143
176,136
121,123
181,109
60,62
161,147
139,186
35,161
74,178
56,171
50,63
165,65
10,101
139,17
118,171
122,109
21,25
149,162
53,126
183,134
38,138
20,163
134,9
165,147
112,46
29,17
71,98
126,161
98,5
12,14
39,172
84,33
97,26
138,145
42,9
43,150
12,63
173,206
197,31
69,110
49,75
169,91
44,31
97,54
198,162
112,65
36,25
163,26
91,117
95,190
53,27
78,87
115,204
199,167
139,79
36,87
63,49
53,23
108,44
1,176
157,20
5,0
95,109
112,190
13,137
26,43
122,38
0,122
69,114
33,38
78,97
87,99
19,157
35,67
18,148
96,1
25,126
112,147
53,163
94,145
24,42
44,33
82,156
47,51
92,97
20,68
108,123
18,25
196,129
107,102
91,77
20,50
58,199
143,147
99,51
19,111
121,166
59,147
33,147
106,148
76,197
89,13
14,101
174,61
81,174
65,90
42,46
115,47
69,147
170,147
190,171
152,25
64,87
126,181
12,90
135,87
174,97
5,27
13,197
17,92
62,92
4,22
60,101
109,32
59,117
35,78
24,198
90,109
148,34
147,90
85,97
144,101
59,19
107,50
168,217
64,207
155,138
122,151
150,31
87,161
90,162
43,151
170,162
66,61
105,58
68,47
90,169
48,171
194,134
22,1
9,133
17,138
56,147
14,26
141,92
92,64
127,92
176,181
44,25
119,188
45,137
108,133
142,44
169,46
23,56
36,68
23,61
44,49
200,44
150,6
38,198
137,103
74,214
22,179
33,19
119,109
53,86
47,46
21,126
54,38
23,29
125,183
12,66
42,136
13,126
25,19
12,53
20,63
62,126
78,49
83,197
29,83
135,66
121,97
66,56
63,90
32,163
72,76
27,143
97,107
82,166
84,161
121,51
13,138
161,31
201,69
85,139
86,186
45,148
147,178
25,85
144,147
50,70
24,72
36,92
42,161
127,201
117,10
84,144
29,148
135,64
32,147
89,71
176,18
36,138
25,84
26,46
78,190
122,51
49,18
26,197
109,66
44,74
98,139
100,133
54,109
202,109
84,5
147,2
148,108
42,139
138,40
72,53
33,148
61,204
135,144
135,12
154,137
29,110
62,57
74,204
65,39
3,40
114,190
116,197
65,161
97,118
88,168
4,24
84,46
18,116
108,63
58,39
143,16
49,145
49,72
97,204
94,31
60,6
150,134
79,97
160,31
203,76
204,47
22,163
47,66
38,167
170,31
205,137
5,202
107,162
23,22
65,206
43,139
17,66
85,45
144,17
25,151
19,15
200,101
65,158
85,145
194,180
74,134
40,17
96,162
120,171
70,101
25,40
16,197
4,163
19,163
33,50
45,5
63,98
201,71
68,109
206,177
110,56
101,199
20,138
53,24
62,0
10,176
36,174
31,109
148,98
56,46
18,33
20,79
147,80
1,91
73,119
44,155
148,103
144,110
4,147
7,176
181,137
134,119
44,184
83,23
29,23
42,162
85,35
125,124
177,192
141,144
24,33
23,14
80,10
10,8
122,21
44,133
133,138
117,217
50,162
38,135
49,5
122,97
39,188
67,178
145,178
5,110
163,178
124,103
76,55
149,19
49,51
81,97
32,198
150,179
127,47
113,133
151,110
44,204
107,199
97,174
65,167
98,163
63,167
98,43
179,116
77,85
38,178
24,0
163,84
100,137
147,37
83,96
45,76
4,88
49,107
63,10
19,108
0,147
47,214
95,10
131,51
135,109
181,104
87,21
36,19
136,145
202,47
29,134
79,4
58,178
199,190
110,50
87,0
25,29
96,7
72,50
33,199
20,40
32,79
121,91
83,31
138,133
25,63
20,199
168,181
87,46
147,38
7,171
53,144
6,167
15,47
16,109
94,162
91,148
19,102
156,133
42,89
56,32
105,5
151,54
182,201
33,0
79,198
147,162
163,16
122,31
127,74
103,213
89,169
72,167
38,27
148,15
47,79
11,50
176,92
135,7
24,56
23,30
72,21
10,36
38,84
74,126
47,63
174,2
43,178
126,35
84,135
121,176
133,29
20,84
12,134
60,14
58,148
13,136
69,186
74,190
95,40
161,167
123,91
160,161
36,12
7,162
19,57
69,144
126,23
93,190
117,32
21,51
26,162
49,1
5,179
161,129
33,190
36,171
72,155
100,119
87,163
84,0
4,190
108,149
127,31
14,147
15,19
60,50
19,1
63,144
88,207
67,145
27,63
18,136
110,9
144,145
50,133
13,85
24,51
138,21
176,152
72,138
119,191
149,107
144,114
35,5
78,40
61,110
117,98
173,187
67,148
79,5
11,77
161,197
101,167
33,54
163,79
33,138
2,162
20,23
95,201
183,119
117,49
58,149
20,151
27,179
64,69
43,16
69,138
68,104
192,125
176,145
9,79
58,89
187,180
48,70
78,167
127,38
72,133
60,204
99,144
93,178
84,27
11,123
69,26
157,118
85,24
17,197
144,92
53,110
0,190
63,134
174,33
91,24
207,6
0,3
90,139
121,138
145,167
59,64
148,201
63,152
97,17
42,166
1,118
135,97
17,49
23,72
35,176
7,144
10,186
69,123
40,162
33,2
161,146
10,97
0,10
63,69
133,145
123,63
117,47
64,46
179,37
0,49
65,68
102,184
105,123
122,138
101,190
121,64
127,162
11,94
21,163
12,42
105,64
52,64
47,22
91,18
139,199
160,171
20,36
22,38
56,162
176,47
116,54
4,32
77,178
150,199
98,68
85,90
27,178
176,88
61,179
49,85
11,147
80,92
29,186
122,161
138,134
97,178
14,167
148,64
121,201
105,167
14,198
118,139
141,79
126,178
12,62
24,204
72,32
27,20
22,84
72,31
27,16
100,145
110,214
54,46
90,145
148,171
33,197
46,118
22,5
46,27
47,178
62,30
18,155
69,190
174,66
14,50
123,62
141,97
91,89
16,139
63,101
7,10
18,109
93,138
7,98
49,22
95,92
97,25
65,129
58,139
86,109
91,88
44,105
29,90
21,143
42,107
143,171
154,1
34,148
22,40
148,7
5,49
60,54
69,10
86,78
78,44
208,164
29,70
120,109
169,10
44,200
40,148
3,56
1,152
21,43
80,65
176,123
12,87
26,178
96,3
77,30
10,66
50,5
98,64
61,38
150,51
144,204
92,4
169,79
88,44
76,103
62,4
0,97
51,199
114,25
53,40
72,161
127,148
2,109
2,84
81,199
63,155
49,195
71,67
32,162
58,64
16,116
99,31
25,79
46,22
24,117
64,70
136,6
63,53
107,88
84,110
107,27
148,80
42,192
92,17
118,79
24,62
122,61
36,116
79,46
71,168
41,56
99,138
3,18
84,20
53,97
49,38
83,66
20,147
63,126
16,5
64,80
69,139
160,138
9,98
1,169
64,13
109,46
26,170
41,98
82,181
126,148
29,107
95,17
44,145
136,47
69,12
166,31
14,32
83,61
29,178
46,33
157,85
23,49
22,79
14,23
10,110
198,134
163,46
105,147
19,64
46,190
10,145
105,45
114,64
24,89
103,50
63,118
21,6
8,199
53,178
94,171
26,90
24,135
74,137
29,98
144,6
64,57
53,202
104,161
88,103
81,10
60,69
112,197
99,87
155,44
13,148
29,2
202,31
29,5
81,5
39,148
16,51
49,30
47,133
64,92
107,14
7,64
107,133
135,84
50,161
27,92
18,205
158,197
18,6
145,47
33,163
100,85
46,23
89,23
36,147
155,4
63,32
149,65
82,50
8,47
10,117
108,47
157,98
126,63
10,89
38,7
138,95
85,62
44,5
23,197
78,43
64,29
134,62
47,54
95,16
64,74
91,62
75,9
107,24
144,179
161,209
39,137
17,204
53,118
99,10
49,204
42,35
12,61
16,23
49,56
85,103
187,194
0,30
33,135
178,198
60,33
84,4
150,9
119,211
98,99
88,167
44,107
51,23
119,134
144,43
62,162
105,121
72,17
61,101
78,186
38,162
147,120
7,97
15,161
3,96
174,87
9,24
38,43
10,144
63,71
50,149
152,97
110,24
16,204
88,162
33,14
118,18
24,12
16,2
86,139
69,49
26,4
103,9
18,56
50,94
49,96
17,33
59,213
155,10
152,138
186,109
198,110
72,97
90,85
147,165
160,47
135,151
12,45
62,167
97,46
23,64
20,61
78,17
45,6
138,0
1,45
46,30
209,147
32,54
99,147
121,18
7,134
46,97
50,2
118,145
62,29
35,169
136,201
121,168
114,44
122,66
152,62
100,139
27,5
84,83
16,96
79,3
103,104
77,168
62,5
92,80
57,94
108,107
133,110
10,25
5,139
24,167
163,33
84,204
43,64
50,171
26,13
87,27
95,198
2,50
1,27
33,95
111,161
38,144
166,107
107,25
79,31
14,155
20,197
158,31
129,206
122,199
138,71
12,109
53,176
0,54
155,199
23,71
63,95
25,162
80,148
25,68
12,1
65,109
147,30
121,54
12,95
14,51
96,46
18,163
160,145
96,24
134,2
50,15
7,49
199,197
110,101
1,163
69,2
90,20
148,63
23,43
91,70
80,77
74,201
36,33
16,22
51,17
94,42
134,138
0,144
161,90
122,107
121,129
32,23
174,18
39,200
23,38
12,162
62,123
91,79
128,193
105,69
46,10
110,98
24,98
134,84
122,0
75,178
107,8
36,18
144,20
60,38
143,7
81,78
78,98
22,96
176,109
10,78
61,27
157,79
92,20
144,61
21,38
163,4
149,94
23,134
21,109
176,17
122,9
33,62
144,38
12,19
100,13
64,127
197,190
43,7
189,215
72,109
63,171
97,68
127,178
134,217
110,131
21,162
125,200
18,79
136,66
47,107
94,168
67,202
193,215
86,3
196,206
88,68
36,145
30,54
72,199
9,110
85,58
49,76
3,25
23,25
83,6
51,25
93,21
118,150
120,161
74,55
56,36
184,159
116,167
118,204
122,197
144,198
67,190
85,162
8,83
181,9
57,162
136,198
47,31
117,126
61,139
24,85
29,40
18,121
75,11
42,88
86,31
9,64
20,107
126,108
19,110
9,179
77,197
12,123
139,110
92,46
49,161
87,66
175,178
82,62
46,25
150,92
38,71
78,176
16,71
14,5
116,199
107,49
60,31
24,138
2,5
42,179
29,141
96,95
151,38
62,85
74,75
114,62
64,16
61,143
14,98
92,85
134,98
93,109
107,71
72,69
26,148
143,138
49,24
23,107
66,147
138,109
161,97
109,151
69,18
207,109
19,63
78,91
196,125
119,73
63,109
5,31
29,163
4,161
96,43
24,197
53,33
47,87
38,25
121,50
62,181
9,88
64,85
157,84
14,110
176,13
51,56
85,176
174,79
62,101
36,62
101,91
76,6
20,9
109,20
109,133
35,148
21,0
163,5
40,20
36,107
56,110
157,80
116,178
140,125
49,178
44,23
62,7
88,90
98,27
49,202
0,4
161,178
86,110
23,214
64,133
44,38
44,109
69,33
33,40
14,199
173,212
53,148
179,109
179,190
136,91
53,68
78,79
29,46
18,30
107,9
176,50
143,71
51,135
12,138
157,4
147,47
98,144
98,84
40,33
81,91
11,15
49,2
163,43
12,24
126,53
24,170
64,24
42,110
13,66
141,98
152,21
103,47
123,85
53,10
51,31
18,178
107,97
8,17
4,214
139,105
117,136
47,161
64,20
52,131
27,69
126,162
68,205
195,214
18,21
18,150
5,151
65,103
169,31
119,128
72,64
107,0
101,134
61,161
88,178
148,13
78,80
147,71
129,161
140,213
72,101
26,190
155,6
90,27
147,144
80,64
33,79
54,71
44,22
32,38
87,95
53,12
4,79
121,62
107,77
70,117
78,118
122,19
119,129
58,203
120,152
40,14
63,45
5,197
94,139
78,35
147,85
19,4
32,25
39,44
167,162
163,12
207,214
194,113
54,145
27,61
95,178
33,23
150,56
144,30
146,71
43,148
136,111
60,0
89,19
181,167
174,40
118,133
56,61
19,38
25,47
113,65
107,123
144,46
27,85
85,77
85,26
129,213
72,151
152,27
97,87
25,97
32,17
9,25
29,96
1,85
74,168
91,13
118,63
97,84
25,2
168,47
6,47
155,25
92,90
2,46
52,137
68,110
165,47
95,141
139,16
5,61
210,47
24,86
49,151
23,76
27,46
53,179
131,16
17,109
27,197
19,8
9,145
42,47
60,72
26,69
143,1
98,162
166,42
8,40
80,117
38,201
23,47
84,139
20,114
11,47
25,53
65,159
14,43
18,10
46,0
16,33
30,145
83,145
16,66
88,22
42,138
54,47
122,33
45,59
179,47
18,67
23,151
126,42
68,116
51,46
17,18
174,139
4,198
76,26
9,18
94,32
135,44
24,30
91,92
120,103
120,176
22,195
102,76
21,10
18,134
20,92
139,178
55,217
156,70
49,66
42,155
5,87
47,199
33,110
86,204
79,143
23,155
107,110
86,199
42,199
68,145
4,92
63,87
49,141
101,145
44,4
92,127
83,33
21,3
51,10
72,157
36,184
47,109
118,38
139,98
210,206
92,99
21,24
161,144
35,162
184,31
24,13
56,197
166,162
24,161
211,55
24,107
133,2
64,66
10,7
148,38
148,94
7,2
132,109
43,199
27,23
37,109
88,109
10,43
123,15
112,97
18,99
22,43
138,143
46,1
66,197
143,51
7,47
65,196
59,47
95,134
63,33
23,143
19,3
170,5
29,68
78,95
149,58
57,62
152,4
16,101
92,23
120,138
171,162
114,138
45,213
18,93
148,8
157,19
12,76
18,11
59,162
38,36
98,17
72,75
119,44
139,167
20,16
95,150
31,162
109,47
53,151
138,171
45,109
71,190
16,84
19,70
24,121
70,133
139,61
120,167
72,24
20,25
160,195
32,150
82,176
9,94
8,5
7,6
126,9
77,89
50,59
79,56
7,1
108,69
0,7
23,95
61,56
24,29
163,92
14,197
85,134
86,143
85,100
148,145
29,99
138,84
143,69
22,162
53,155
33,150
33,96
46,43
100,171
62,197
50,16
131,189
14,161
91,100
98,198
148,42
33,167
27,97
89,109
69,75
100,199
84,40
1,43
64,214
0,199
36,110
148,157
99,98
109,179
35,133
127,171
89,85
23,2
161,63
133,43
79,50
49,122
146,181
53,46
45,77
201,5
74,65
161,165
163,109
147,134
56,31
88,146
66,16
141,197
13,176
44,24
47,97
5,143
51,38
27,79
21,30
96,16
85,23
98,110
45,47
145,54
10,98
110,151
51,5
102,50
162,47
7,70
98,62
77,204
35,87
133,121
91,19
2,36
62,79
19,168
35,100
63,50
212,103
213,109
33,21
107,4
114,38
64,38
25,144
139,162
12,8
64,100
24,195
114,20
17,87
23,6
102,167
66,38
117,121
167,30
92,47
18,107
36,84
72,123
20,214
57,93
113,31
29,114
2,61
101,42
33,116
88,58
141,46
2,25
5,36
174,138
84,95
78,63
63,38
15,178
133,44
5,107
134,193
131,126
119,183
140,164
117,150
38,199
33,24
160,89
25,20
100,94
176,102
60,84
38,40
102,138
108,162
87,56
82,117
121,5
126,55
122,79
38,33
18,97
36,27
9,147
92,7
56,163
195,6
40,38
97,155
24,21
5,29
20,85
82,24
21,178
169,5
46,110
124,194
144,66
136,148
32,87
136,147
131,47
26,68
114,12
123,75
126,11
44,9
59,50
122,5
27,36
66,118
92,62
102,133
131,97
74,18
123,47
19,79
9,23
114,109
60,167
40,78
45,190
165,162
68,179
51,16
138,175
58,17
192,111
91,33
133,30
44,113
117,161
71,66
64,98
98,101
109,147
144,135
38,190
101,24
107,51
171,197
168,103
2,147
133,197
150,178
19,103
152,162
61,20
118,46
40,139
47,179
64,17
131,204
176,99
127,103
18,26
163,63
99,162
79,63
143,133
176,24
110,162
174,47
148,198
167,190
126,33
9,127
186,10
36,195
60,110
54,69
155,139
7,147
27,86
12,85
98,204
97,33
65,44
63,162
98,88
91,138
47,110
12,101
2,122
191,212
60,122
56,139
22,46
91,59
110,36
85,138
151,9
60,43
45,87
20,174
83,109
20,161
16,143
65,204
144,167
99,171
70,197
98,44
23,24
11,19
148,200
4,46
43,145
63,66
66,139
160,42
53,89
72,118
90,0
184,149
155,162
75,65
55,200
42,73
88,216
72,3
123,64
102,168
120,51
9,1
114,135
9,68
19,134
199,179
115,109
17,12
60,150
23,68
169,139
58,62
161,9
107,70
121,47
74,33
57,101
24,53
119,193
18,190
70,29
25,176
97,10
161,1
69,201
68,23
117,33
161,44
88,171
101,126
93,30
61,178
197,162
108,84
110,178
3,43
62,117
121,179
31,47
125,140
0,101
9,6
102,31
155,5
144,138
101,138
19,30
14,139
98,197
1,32
38,92
118,47
82,9
119,103
190,31
71,162
149,109
148,190
4,139
138,49
35,123
1,78
98,24
138,16
7,36
47,144
143,199
140,193
42,64
176,82
201,74
44,161
23,16
43,179
44,39
43,14
49,68
31,139
12,170
126,44
20,47
26,9
152,109
43,24
44,197
140,28
53,143
4,61
143,40
140,111
63,7
46,56
53,99
69,96
17,148
27,171
33,17
85,20
161,190
23,31
91,80
85,121
139,81
38,155
161,15
51,87
71,197
126,176
138,23
147,21
12,108
51,33
48,57
32,43
33,86
133,155
5,214
57,80
53,84
158,161
12,107
90,19
22,204
11,136
135,33
139,51
18,162
105,76
156,160
121,45
91,25
205,213
61,162
133,51
22,144
75,199
137,129
69,143
27,33
127,204
60,56
67,162
42,149
157,204
0,161
2,197
44,178
57,85
121,94
78,76
96,31
99,46
22,214
80,109
25,92
52,112
18,144
81,54
70,50
18,147
145,31
9,71
34,47
23,123
175,98
74,42
66,47
84,143
12,97
23,84
0,14
58,107
131,178
2,199
81,178
97,44
51,71
98,40
151,134
82,104
91,74
84,21
0,69
50,167
50,14
194,6
164,140
136,138
98,25
72,135
114,24
40,98
24,58
4,5
68,82
160,93
71,74
72,40
97,72
69,97
24,99
51,76
95,38
136,26
169,136
9,150
44,77
3,47
156,82
119,133
12,151
95,5
78,46
61,133
29,139
96,21
69,135
141,63
20,5
107,69
139,197
158,47
166,70
5,85
27,54
58,77
53,82
74,127
22,150
61,144
44,143
9,85
0,202
161,148
25,87
97,99
36,32
22,167
116,145
177,173
95,0
41,47
21,138
18,40
127,66
12,35
87,97
47,202
33,7
1,162
68,202
107,166
22,110
52,46
3,53
69,62
46,66
133,5
139,76
99,47
78,107
4,66
101,49
186,38
92,31
77,133
87,16
99,97
18,17
157,22
152,84
78,163
85,197
133,98
20,65
94,16
38,21
20,66
84,98
54,151
17,47
91,197
60,86
42,145
35,108
77,109
121,57
150,33
40,96
29,25
64,178
91,66
134,195
95,12
163,143
43,46
86,92
33,43
63,123
40,90
108,16
76,97
100,105
3,204
72,12
122,32
46,5
143,145
32,8
103,168
26,76
24,179
76,47
96,190
100,167
150,162
121,11
44,14
18,138
125,206
126,70
122,40
22,145
113,191
1,23
107,134
161,85
47,5
30,179
22,178
35,121
23,46
26,84
78,0
190,197
13,161
133,199
138,47
77,69
91,26
21,176
135,204
11,162
174,46
62,179
10,162
157,109
99,23
151,133
83,17
92,134
141,47
178,199
64,197
18,202
17,23
97,215
101,10
69,103
61,46
12,21
19,76
85,27
65,120
148,45
73,137
147,110
148,51
121,160
119,196
163,144
78,42
36,190
18,176
120,137
0,198
102,82
33,122
44,125
155,163
134,199
28,140
76,168
78,195
118,195
17,43
85,7
143,38
26,56
46,86
27,31
66,63
149,47
113,180
110,195
64,27
107,78
19,58
144,199
51,139
19,198
46,139
26,77
69,74
131,176
46,178
72,195
133,62
30,62
0,133
62,19
85,1
69,204
61,62
97,53
2,14
118,56
62,31
81,18
88,204
198,31
10,139
115,120
163,22
146,139
141,62
93,18
163,29
14,162
48,15
78,6
50,123
110,10
18,77
103,82
214,130
105,133
5,71
94,213
46,138
49,36
56,87
85,47
103,125
82,53
94,148
98,97
134,47
42,67
36,23
49,116
79,178
95,76
78,3
7,69
144,178
126,145
101,63
64,31
27,87
62,44
19,60
83,167
17,6
49,83
92,12
43,38
35,31
59,167
90,95
61,87
132,162
22,116
14,195
67,171
92,171
16,36
83,162
62,9
9,201
40,0
4,78
18,90
157,179
77,26
135,134
144,123
17,98
69,214
43,214
149,75
38,145
18,23
24,44
97,21
45,121
95,90
145,109
21,95
151,5
119,171
117,1
0,40
43,5
63,178
69,133
35,97
151,139
43,33
53,47
107,138
150,95
22,3
12,88
77,64
146,207
22,138
42,109
60,190
6,109
91,133
24,46
117,23
19,91
139,151
4,49
105,70
76,109
47,24
77,213
165,109
19,69
78,99
98,46
24,9
106,21
72,81
44,1
121,42
33,126
139,163
53,3
110,21
139,47
58,42
14,40
62,24
166,145
43,152
33,143
49,198
69,71
112,47
21,76
60,138
64,63
46,174
54,5
74,31
147,131
90,66
69,134
57,70
82,85
43,134
150,66
98,29
135,114
33,155
38,5
57,74
171,30
44,56
33,204
143,31
19,88
8,12
30,162
205,168
93,107
84,145
39,193
9,207
56,202
38,86
2,134
138,178
102,134
18,94
43,27
145,5
143,139
161,103
127,168
139,66
16,198
161,84
29,41
51,147
127,176
24,108
18,16
78,147
47,61
92,66
49,162
5,63
84,1
139,46
98,190
153,217
161,134
109,171
82,213
0,5
55,194
7,24
157,25
155,204
98,41
122,23
36,49
201,191
153,47
107,122
41,1
53,17
50,71
7,163
8,107
117,82
4,56
78,138
29,21
46,31
91,76
157,198
68,147
139,85
95,47
145,171
10,122
110,23
157,170
78,114
47,98
40,7
72,171
65,142
9,91
23,110
70,126
150,171
94,138
18,51
53,21
148,110
94,184
69,9
131,76
26,109
25,122
116,204
20,97
72,56
12,69
19,40
3,1
82,108
97,134
171,179
95,7
23,99
100,109
23,50
147,65
95,56
2,49
163,97
8,170
94,47
9,5
117,134
81,138
174,99
139,25
136,161
169,153
145,199
74,44
131,10
148,69
21,186
70,199
107,19
101,38
33,139
84,43
84,54
38,97
70,7
200,125
34,162
35,58
94,50
61,99
24,20
72,1
21,27
181,68
46,145
108,110
115,190
5,101
133,63
33,22
95,4
92,40
101,9
77,80
84,178
47,2
80,51
138,61
23,75
79,139
107,147
106,184
44,144
5,68
26,23
42,178
108,94
139,133
25,107
18,104
24,25
91,57
23,36
68,217
141,25
106,57
69,57
62,20
0,51
21,56
29,95
110,47
74,173
122,92
27,109
3,85
157,68
56,167
16,97
208,161
44,54
109,138
59,109
147,4
98,95
163,139
77,201
118,178
29,43
42,10
59,80
38,114
97,161
65,13
0,143
23,148
22,170
43,23
75,0
92,63
50,21
163,3
5,66
132,5
44,60
13,5
109,2
173,200
99,139
3,46
107,145
71,195
97,190
23,21
36,96
197,109
100,103
32,5
90,47
52,154
99,176
53,7
27,62
0,148
3,84
12,20
5,95
85,129
83,63
128,134
64,117
18,9
101,161
71,38
4,43
199,31
191,39
97,141
64,25
12,141
163,49
49,157
43,98
30,31
127,107
14,44
14,1
148,47
10,14
2,44
47,162
46,107
53,72
138,17
121,35
145,197
26,97
63,139
123,109
75,197
23,51
40,147
47,62
160,133
69,171
166,109
91,167
91,87
105,145
14,61
1,22
120,31
21,64
84,133
143,33
29,202
150,43
63,9
98,143
122,62
163,145
63,56
76,119
4,110
62,161
36,69
17,161
65,76
83,204
109,98
198,109
111,189
209,161
102,66
44,50
4,17
139,10
27,49
38,32
25,62
105,61
107,167
4,167
147,61
27,44
59,9
18,199
69,15
70,109
12,29
144,2
50,31
57,144
43,85
9,195
161,137
43,190
107,89
89,42
20,81
97,95
122,144
26,62
78,64
143,155
23,139
44,30
49,32
36,43
68,213
95,145
64,78
193,189
178,31
61,79
3,139
68,148
15,145
152,29
161,68
35,19
139,68
56,97
29,161
10,179
145,179
12,178
51,138
65,80
72,214
18,4
155,133
7,29
143,126
16,43
96,14
45,18
43,49
19,159
181,31
105,171
109,10
128,200
151,16
9,20
16,75
160,94
210,109
49,23
139,176
50,101
138,6
96,110
131,171
85,89
150,1
1,38
19,90
144,47
195,109
185,111
148,72
61,214
60,155
123,50
139,112
5,178
89,77
68,161
108,181
24,120
143,27
38,23
98,178
95,147
64,0
122,20
5,43
157,21
5,17
161,201
53,138
79,29
71,47
152,0
169,47
127,76
38,109
12,114
101,20
97,122
174,5
0,87
139,99
52,148
209,205
12,190
90,55
78,68
76,167
5,2
72,170
60,195
169,51
50,69
183,215
50,110
33,98
19,10
79,167
72,198
18,139
126,76
98,176
60,40
5,47
119,164
185,192
9,162
186,162
21,16
33,145
19,107
12,150
94,51
92,42
64,61
71,178
19,178
72,107
21,147
196,192
44,51
144,27
199,109
121,108
105,6
69,107
161,25
4,38
141,20
144,23
179,171
19,94
127,11
144,19
56,79
94,109
63,148
120,97
0,75
36,78
75,77
101,54
16,21
79,47
23,161
44,149
99,110
56,3
93,168
11,63
151,98
85,136
57,190
71,214
135,162
97,148
78,27
64,123
148,207
94,55
59,85
143,32
84,138
24,81
49,21
152,144
0,23
9,197
147,139
69,46
99,155
18,87
138,92
28,164
68,9
84,51
66,3
7,84
64,109
0,50
40,95
75,107
105,62
44,134
57,145
175,162
163,24
84,16
53,161
32,61
52,90
147,117
113,47
132,62
61,145
52,117
27,25
16,151
169,90
139,204
138,2
1,199
122,157
215,130
91,47
174,16
109,31
62,21
29,204
144,197
19,145
58,74
38,163
12,50
0,96
148,119
33,141
98,214
44,201
143,29
212,137
49,10
22,23
12,67
202,162
19,42
49,152
24,166
62,46
4,23
16,4
107,103
150,190
53,204
121,100
82,91
209,181
138,36
75,171
148,107
113,62
31,145
74,213
56,66
22,64
139,144
91,35
44,16
148,178
7,62
155,145
144,56
135,4
84,171
8,109
18,46
114,144
12,204
74,181
16,10
65,164
159,184
142,165
8,66
66,144
3,78
121,59
27,110
49,4
146,147
46,199
3,0
36,0
72,20
65,189
97,24
86,107
49,150
109,27
72,99
49,47
148,16
23,40
131,197
66,138
105,148
43,1
16,69
78,38
86,178
14,214
127,167
133,139
94,11
42,69
103,212
32,143
88,64
101,70
112,138
19,167
57,107
3,4
99,109
56,144
173,74
148,6
68,138
148,59
10,85
157,161
201,9
4,98
10,44
94,199
156,145
39,62
114,66
65,172
29,66
108,50
32,197
83,20
62,138
18,69
70,31
18,161
63,43
55,103
71,199
62,51
24,174
40,144
101,50
19,114
144,95
92,139
91,166
100,64
69,47
4,107
12,9
107,159
99,43
27,202
56,204
26,33
29,199
196,185
90,178
36,217
11,176
26,215
41,43
84,61
98,0
126,47
183,177
33,134
42,50
101,178
123,74
148,58
108,71
148,37
92,163
165,44
51,109
88,19
69,7
176,127
49,148
0,25
97,144
135,178
112,137
62,148
3,51
125,103
50,49
105,109
12,68
27,144
75,62
99,5
46,4
4,31
35,13
67,217
105,136
94,108
10,20
46,162
121,162
139,21
2,43
119,185
51,95
35,147
101,2
151,31
85,46
83,85
74,26
29,79
196,111
66,2
181,62
56,23
179,31
32,204
147,51
36,199
90,199
112,161
108,190
1,83
36,72
138,25
0,157
27,29
19,162
169,35
43,0
50,143
1,25
3,64
138,101
47,170
188,173
75,161
15,74
95,84
66,43
78,171
148,167
29,85
155,92
194,217
96,25
12,59
108,9
42,101
69,161
95,46
40,110
116,47
5,32
101,179
22,63
105,57
51,3
183,140
107,94
77,166
147,56
101,84
0,32
32,31
93,47
107,98
149,42
18,95
143,23
64,4
5,25
65,97
25,44
44,198
139,43
20,101
63,46
49,79
148,67
58,30
66,33
46,51
24,68
144,85
195,178
46,101
120,24
10,204
127,68
192,206
14,107
102,16
21,83
50,36
100,189
90,79
49,86
200,206
93,166
77,199
11,48
36,5
105,80
135,20
176,77
104,205
64,151
0,24
163,51
23,33
60,46
36,54
139,101
72,163
24,78
1,33
19,139
4,62
148,136
9,27
171,167
85,82
0,163
66,87
51,68
157,56
24,82
100,89
133,162
7,20
155,21
45,63
25,24
16,86
133,4
76,190
33,74
51,133
66,145
124,188
57,47
44,199
1,31
24,4
44,40
49,33
18,89
40,84
126,102
148,30
70,106
138,68
53,170
13,52
40,5
45,1
63,31
91,64
94,121
19,190
56,161
144,176
1,3
98,7
152,5
68,97
21,167
72,46
67,31
184,69
127,190
24,80
3,174
0,170
65,75
10,46
154,140
97,167
0,61
98,199
83,171
38,9
0,72
117,89
126,138
51,69
121,199
94,75
46,78
68,170
101,27
105,117
132,142
107,57
191,73
93,78
53,20
20,145
36,186
24,87
71,6
53,95
84,162
44,190
8,99
5,24
16,87
78,85
65,147
14,19
85,66
64,167
86,38
16,190
7,40
163,56
63,201
78,72
176,26
27,163
10,143
95,27
7,33
118,199
112,145
69,5
147,97
0,90
77,31
81,162
176,138
9,125
98,53
46,116
191,196
167,109
67,167
29,101
92,87
150,98
78,92
101,0
22,109
157,38
107,195
5,92
155,51
94,88
121,101
101,155
29,6
13,97
36,79
135,161
91,45
53,90
148,139
29,179
22,198
84,66
161,174
97,63
152,63
10,175
74,24
157,36
84,163
98,6
136,85
43,63
35,47
61,32
9,59
101,135
24,64
150,27
92,110
25,14
43,61
165,31
92,197
135,72
23,171
150,23
187,113
90,88
79,36
190,199
165,126
178,110
114,75
53,85
78,24
9,44
24,178
25,101
85,61
10,152
20,198
5,79
181,103
33,69
199,171
166,167
78,20
91,61
5,44
2,23
20,170
110,130
11,76
109,162
20,109
36,50
53,139
122,10
175,138
4,114
107,80
62,214
51,162
61,2
9,45
24,50
20,4
88,98
102,47
184,109
77,35
12,110
4,133
126,74
121,104
163,162
35,71
99,151
63,3
148,105
212,119
174,24
155,14
206,183
59,45
97,202
127,97
50,190
157,145
29,151
94,66
107,86
87,31
64,79
127,26
12,91
16,24
2,145
10,84
121,197
26,107
62,178
92,178
48,109
3,150
17,79
139,86
121,204
81,204
148,116
44,181
174,76
65,137
84,151
24,96
72,96
66,109
35,107
57,29
87,3
66,83
118,197
18,102
27,95
135,38
9,38
95,81
3,31
122,1
67,47
143,46
60,19
38,197
4,20
72,78
85,127
10,38
41,27
22,0
67,147
135,46
192,193
136,31
27,98
147,109
64,33
105,100
76,31
94,144
124,185
53,59
157,147
50,19
95,110
151,147
144,190
78,145
131,109
169,63
143,5
15,123
81,109
49,214
82,172
113,185
59,168
176,62
4,123
36,7
22,97
44,88
63,0
29,24
101,98
21,20
7,92
97,22
53,63
135,31
24,17
3,27
116,162
78,25
56,21
21,23
181,108
117,61
113,142
131,138
62,36
46,171
32,66
7,4
12,47
143,163
43,162
139,138
129,168
147,151
135,10
80,70
40,36
144,0
142,47
97,85
3,87
12,144
92,51
139,92
121,76
94,74
8,51
152,32
40,102
90,92
12,10
19,27
94,189
60,64
60,99
12,98
91,147
12,96
25,152
7,68
143,96
141,38
143,98
90,167
143,10
13,26
65,165
92,155
12,79
85,43
26,213
43,147
18,32
96,29
139,44
101,5
6,162
16,199
123,33
33,10
187,109
10,64
40,66
150,32
23,69
162,167
24,109
165,167
24,3
54,197
107,64
127,45
23,152
25,22
156,217
173,154
101,21
61,97
101,44
24,169
21,108
148,85
29,144
18,123
161,87
0,38
135,21
23,144
107,23
20,31
4,36
70,47
74,20
214,178
75,24
163,98
87,144
47,50
85,96
24,49
21,22
175,167
7,179
92,35
84,214
72,22
96,49
38,20
43,99
3,178
19,14
38,143
123,12
53,38
9,138
72,114
213,103
23,4
97,79
159,107
77,92
8,46
152,53
195,47
25,7
199,162
60,90
169,66
78,2
24,6
140,200
91,217
0,139
36,163
131,167
75,60
80,9
33,56
1,64
53,9
106,31
149,64
135,133
216,123
75,201
170,204
171,47
182,137
44,21
118,66
75,162
151,63
94,166
176,63
19,195
40,44
92,49
66,199
96,199
4,53
62,176
20,87
114,33
147,161
109,5
161,54
105,162
148,197
107,47
49,14
186,145
174,134
94,33
98,66
49,179
137,181
60,44
45,168
131,31
71,145
77,13
161,26
138,10
121,161
142,109
133,106
62,23
4,204
24,11
122,147
127,42
86,24
146,148
5,144
65,138
51,145
38,14
123,148
9,89
71,148
138,151
107,30
101,79
46,42
151,144
11,178
85,204
117,139
150,4
32,46
124,196
176,167
163,95
135,138
18,126
3,36
49,167
18,3
71,204
95,138
68,199
117,62
171,199
24,97
25,143
157,24
88,86
49,61
98,155
72,204
209,55
68,54
0,21
35,59
46,32
7,107
184,107
111,192
81,171
148,109
161,214
45,161
43,31
23,198
12,176
44,139
147,87
66,6
76,203
23,167
198,199
138,5
103,69
63,25
176,81
16,167
61,199
148,161
146,161
44,12
201,95
101,186
131,101
29,133
2,190
172,137
61,10
150,138
156,76
0,155
142,113
13,87
174,161
51,47
1,4
138,46
121,202
83,21
18,64
177,125
72,87
163,87
200,85
26,147
160,148
40,141
105,197
157,184
129,137
3,199
102,59
71,16
105,190
91,32
161,110
46,14
123,21
22,83
75,74
25,43
3,109
77,110
177,185
155,101
36,63
147,45
37,147
66,174
141,31
88,94
200,210
12,77
157,90
26,143
114,96
46,29
48,11
138,85
32,161
169,1
61,22
133,70
78,66
102,18
126,101
49,109
72,66
120,5
138,62
91,97
194,55
98,36
64,62
87,109
198,5
56,63
100,31
154,181
139,147
50,25
95,78
18,96
42,70
4,134
46,92
64,121
163,31
35,139
91,78
10,69
7,197
105,178
174,178
183,103
68,30
148,40
79,54
0,16
85,92
39,133
144,24
77,6
107,148
170,199
80,147
24,18
133,9
40,174
209,62
75,51
35,117
176,21
88,176
122,143
71,134
66,30
22,14
176,94
200,173
86,46
48,162
150,204
22,24
126,64
91,107
22,171
23,97
199,145
188,140
39,189
19,36
105,126
32,109
72,90
59,139
184,136
55,211
54,139
53,61
74,50
47,155
134,144
70,42
75,44
21,97
148,24
144,162
27,204
64,45
4,95
163,23
50,103
25,157
173,161
155,43
122,170
70,149
107,149
108,18
117,109
165,148
38,1
19,71
174,90
98,134
108,70
85,54
49,7
65,190
4,63
107,63
25,95
213,168
9,62
161,46
27,155
169,43
12,161
12,99
180,187
41,20
31,186
107,214
0,110
19,144
56,4
3,97
27,32
46,17
57,109
96,85
64,107
155,214
160,9
64,195
33,178
44,75
50,97
11,199
126,59
78,148
105,13
0,197
102,107
61,68
69,27
60,171
2,151
72,178
26,20
116,30
94,100
173,134
3,20
66,204
51,32
131,112
20,78
92,6
78,81
69,25
91,145
59,54
98,71
43,22
57,7
121,66
19,47
169,204
0,71
51,80
92,190
15,139
19,9
100,166
23,86
118,144
147,174
169,133
57,11
90,46
155,84
56,43
99,145
198,178
24,144
166,133
60,162
78,51
72,2
69,16
43,138
55,134
30,167
169,56
49,98
33,16
63,23
97,92
143,9
155,47
117,197
53,133
8,98
26,32
101,131
53,42
118,5
10,80
53,80
53,45
26,125
123,19
134,109
49,139
60,51
7,42
64,137
102,91
136,5
114,78
72,80
1,98
74,162
19,0
7,85
22,10
150,139
116,109
16,98
44,97
89,148
0,1
43,197
64,145
26,74
65,140
7,199
157,12
86,0
18,35
22,47
138,30
26,63
75,50
206,125
78,162
35,51
15,9
148,127
176,78
7,78
138,44
66,98
131,161
85,9
152,87
20,51
81,95
155,0
36,38
1,44
97,152
163,138
139,40
23,89
8,64
144,44
138,99
162,197
19,72
107,38
62,100
121,190
138,152
36,162
126,85
99,199
72,36
143,204
99,16
143,25
40,21
3,145
95,96
27,90
69,24
0,138
98,79
18,24
46,53
72,139
126,199
86,27
126,139
106,161
31,190
153,162
25,138
115,65
27,21
95,98
7,190
78,5
133,107
88,18
20,56
149,31
118,190
179,214
5,6
75,133
181,82
121,9
76,199
2,38
56,10
107,46
14,96
110,109
210,200
143,50
63,151
7,79
48,165
44,55
23,42
126,131
26,144
67,137
100,116
24,139
84,197
32,36
136,13
63,79
7,25
157,199
33,26
79,134
94,70
46,2
45,13
114,23
133,151
44,186
133,16
64,59
19,22
101,69
26,133
14,4
1,12
102,176
143,167
60,87
66,81
78,31
63,16
75,94
33,49
161,71
101,96
87,139
72,110
123,44
22,51
107,61
149,44
63,27
24,26
176,133
126,20
7,214
35,91
213,82
42,171
19,137
38,63
64,7
12,56
21,144
46,60
79,163
10,33
69,44
121,205
131,82
46,98
98,85
108,77
52,13
33,44
46,54
163,147
155,20
44,79
20,10
44,32
174,31
183,213
105,91
27,214
5,199
53,69
127,63
163,186
24,176
27,4
134,151
63,141
92,1
46,63
90,198
50,62
15,11
12,44
143,63
92,33
11,161
112,162
144,97
29,8
25,109
98,145
74,207
18,101
212,215
195,36
139,116
75,16
46,69
45,145
0,126
121,89
44,214
99,167
102,71
33,35
166,197
144,54
63,42
87,162
123,0
63,5
192,177
63,62
36,20
20,118
0,22
63,84
33,27
44,101
98,157
193,192
126,62
165,178
176,1
211,203
12,157
51,50
24,155
22,56
22,78
19,204
21,133
29,145
118,97
141,40
14,33
98,16
4,64
65,59
54,107
33,176
36,95
139,145
139,56
13,121
148,106
7,57
14,10
176,7
22,139
183,125
49,78
114,4
37,97
46,61
200,103
56,20
147,43
92,25
4,143
42,19
27,130
98,31
127,20
194,142
18,42
78,133
62,204
88,147
70,190
72,16
71,201
48,107
72,9
119,55
133,190
43,133
155,107
21,100
77,76
109,170
147,36
70,100
174,199
4,138
0,74
64,165
19,2
9,107
0,84
69,50
108,127
144,4
20,26
64,32
143,178
44,126
7,23
91,152
4,126
61,66
38,51
22,134
18,118
69,105
166,47
69,178
97,112
157,171
12,155
173,140
135,79
97,197
155,16
50,75
84,2
126,112
33,171
14,97
59,161
92,96
41,178
20,69
138,24
40,109
75,2
166,148
52,67
8,139
20,24
13,45
42,44
50,107
87,35
121,67
143,214
19,143
92,3
107,109
109,24
27,38
127,85
91,121
17,21
70,167
96,143
65,217
84,199
163,133
107,72
98,14
105,31
115,162
147,31
108,31
144,69
61,84
138,190
133,20
49,80
17,46
173,103
20,186
49,46
30,84
121,19
32,144
148,138
27,134
105,54
35,109
110,171
97,157
107,154
157,46
43,32
163,155
33,83
76,139
90,43
42,51
13,31
72,197
20,32
64,2
60,109
211,134
10,57
102,127
200,55
12,25
61,96
81,139
46,49
74,88
1,41
109,204
148,39
1,46
75,138
139,97
63,197
135,139
62,80
24,110
110,92
71,9
27,151
65,177
0,47
32,202
114,97
27,30
144,22
20,83
148,162
20,90
147,25
19,35
42,181
131,145
177,28
66,97
87,5
33,76
62,190
7,204
70,166
88,6
69,0
42,31
38,16
174,171
131,148
72,61
191,183
163,27
126,50
97,61
78,116
14,49
91,42
133,143
92,36
67,110
45,79
57,133
155,49
163,199
37,134
155,31
53,64
0,29
94,30
84,134
46,72
72,126
163,7
176,35
39,140
78,84
46,62
133,178
53,197
163,78
20,1
49,12
65,107
144,84
65,30
24,66
141,190
107,127
21,116
72,63
174,0
138,58
196,211
74,103
42,201
139,6
4,101
98,175
96,61
118,25
88,42
89,107
156,42
72,47
126,24
91,12
9,184
59,145
20,178
9,13
135,32
36,90
20,110
2,204
135,101
32,0
138,72
138,64
18,71
33,162
151,47
10,63
14,204
131,137
36,16
50,126
2,33
91,149
163,47
36,101
22,98
177,206
191,201
4,178
143,4
157,33
1,24
5,23
161,204
76,178
155,134
9,47
71,143
138,75
104,82
92,50
35,9
11,204
188,39
23,204
58,88
162,109
118,22
96,197
78,197
184,9
138,43
25,49
45,85
169,138
201,62
9,30
122,95
39,164
101,204
11,9
72,43
26,42
121,145
134,215
63,145
22,66
25,161
62,198
69,60
34,31
42,25
139,109
33,92
197,179
75,19
3,118
71,79
176,144
74,62
137,205
44,62
18,174
171,109
7,54
110,145
43,84
26,85
79,96
137,104
69,77
75,31
66,190
41,31
133,137
53,4
36,178
12,139
116,31
176,139
96,101
106,162
71,213
147,92
16,186
9,29
91,199
151,23
84,31
134,214
58,147
127,102
12,31
172,82
12,84
18,133
155,29
98,179
22,215
147,138
49,90
105,138
38,54
70,145
51,61
23,17
117,148
3,179
94,10
176,64
49,3
143,56
69,63
24,79
36,2
23,5
81,31
60,144
163,161
133,75
126,25
40,25
31,197
51,2
25,32
155,147
22,90
110,20
68,10
44,6
42,176
9,134
4,87
155,60
64,9
178,214
53,152
14,22
98,47
72,19
121,139
59,55
58,194
62,98
53,96
109,161
63,179
40,145
9,198
1,40
186,139
97,56
107,197
3,24
165,161
11,143
2,69
22,44
78,9
174,101
74,199
66,84
5,54
4,162
26,14
96,79
117,16
174,51
80,47
50,38
42,91
98,1
19,109
50,20
82,121
60,198
107,201
97,36
106,139
62,33
80,108
83,144
135,98
21,171
53,169
57,8
33,36
144,139
46,90
72,143
105,204
162,179
45,181
99,178
53,32
108,46
139,23
43,79
139,202
7,30
46,109
40,8
35,42
157,167
33,72
49,99
96,12
12,43
102,40
11,109
181,168
151,143
57,197
178,47
43,101
69,101
156,109
18,78
84,79
24,84
23,162
51,110
70,107
113,194
190,179
17,25
43,25
48,2
0,60
135,56
10,35
9,69
107,126
75,137
144,171
96,22
81,197
23,141
155,27
7,5
23,79
117,64
50,57
81,51
3,83
42,12
2,163
98,171
0,162
16,99
50,139
7,86
18,86
158,167
206,129
8,76
57,95
60,1
108,62
160,121
166,100
156,62
91,176
50,12
43,10
117,66
7,178
18,88
135,71
50,109
21,47
7,0
82,102
0,53
27,43
97,69
61,198
139,20
13,47
22,31
198,47
70,84
27,190
142,65
14,186
33,51
115,197
12,26
97,14
123,117
85,148
75,147
24,101
68,192
69,51
107,33
98,9
27,147
12,38
72,10
9,43
26,91
50,51
88,197
107,75
77,47
46,167
97,138
36,47
151,152
38,171
29,0
9,75
96,72
126,12
150,5
49,114
122,53
138,144
162,54
25,21
41,138
109,23
174,81
97,16
149,190
47,190
7,72
96,109
3,122
92,145
206,192
4,85
51,83
69,38
63,4
83,190
95,97
68,162
105,65
150,87
147,12
62,139
98,69
193,103
13,42
110,53
21,199
60,75
84,44
5,162
200,129
85,3
180,217
139,87
134,168
23,114
92,141
109,144
87,40
21,85
3,138
135,50
26,98
36,46
43,68
26,79
49,64
47,147
158,137
49,69
157,10
7,12
3,79
121,178
40,138
68,43
83,5
69,31
45,139
102,20
10,81
22,161
9,103
85,49
61,190
14,6
63,22
23,178
122,7
135,170
74,9
91,49
131,110
179,145
53,199
163,21
36,85
78,139
60,49
84,30
148,141
99,38
9,74
33,78
44,123
62,14
29,51
108,65
87,20
161,8
71,69
97,47
62,69
85,25
90,214
66,178
3,17
43,66
42,184
69,23
69,43
122,110
29,64
0,56
2,171
85,194
148,126
32,199
135,1
72,4
66,23
86,134
21,5
27,162
195,38
77,123
17,95
21,4
181,50
109,62
100,101
69,1
200,148
97,0
41,109
29,49
120,197
42,160
29,31
18,184
151,109
61,98
63,199
29,150
88,30
72,84
35,166
66,17
122,24
39,55
195,134
79,62
77,44
110,19
4,170
18,74
82,74
53,147
55,209
35,62
22,202
105,50
161,127
144,60
43,21
127,109
29,3
176,98
141,95
46,197
108,109
116,202
140,137
43,96
101,23
145,30
142,217
99,61
143,79
46,64
157,32
148,33
101,30
135,62
190,145
19,197
62,74
0,176
86,47
206,39
83,51
79,51
183,193
84,167
93,123
135,51
69,199
98,20
18,5
110,143
82,103
5,190
131,147
25,0
143,47
0,66
81,147
24,147
24,190
5,163
101,144
65,213
18,98
143,97
54,162
61,23
72,141
187,173
63,143
72,83
42,125
212,191
161,168
65,20
174,27
181,47
74,145
138,66
167,31
64,42
0,95
92,138
176,85
107,184
51,107
38,2
174,23
37,214
134,167
10,157
9,108
49,199
141,9
175,10
108,67
72,148
0,152
16,107
100,70
57,31
0,145
25,1
78,62
148,60
100,176
135,49
109,130
75,32
155,98
96,33
162,31
85,57
52,109
92,21
121,109
79,190
138,107
4,25
63,136
176,121
98,195
114,14
163,32
125,111
50,24
80,63
138,14
86,62
101,189
14,16
87,25
124,111
97,120
58,19
61,24
170,178
60,197
7,151
98,38
0,123
75,47
62,199
23,66
50,197
198,214
136,35
157,43
32,145
149,148
4,16
24,157
106,109
106,133
72,79
95,25
4,1
53,83
29,16
105,166
176,126
33,1
0,204
94,190
61,186
86,16
43,2
56,98
144,109
155,79
33,144
166,9
39,206
84,109
126,190
139,174
77,167
53,29
20,99
138,114
95,49
14,62
73,183
36,1
72,33
138,97
200,119
14,79
8,147
62,84
19,33
98,152
39,47
60,133
87,147
67,71
79,98
19,75
95,144
133,176
56,178
210,137
82,71
109,38
177,164
71,179
147,53
79,6
97,135
33,64
98,138
119,140
21,134
216,88
53,62
84,63
155,195
26,80
10,92
44,151
0,68
13,147
63,190
67,199
72,91
60,20
94,149
125,44
156,47
107,62
22,147
44,42
46,84
21,99
94,160
5,97
33,127
13,80
108,2
135,155
10,95
74,202
142,194
5,51
70,69
127,84
98,4
80,68
151,44
194,47
80,24
95,66
187,209
33,4
80,71
120,112
174,4
150,21
8,36
44,43
46,52
32,178
4,47
84,22
131,65
153,31
36,99
19,96
151,138
18,181
4,0
135,61
62,13
152,24
127,35
56,47
110,69
193,134
98,133
50,201
91,123
157,61
46,141
155,40
107,5
9,80
20,162
135,14
23,109
0,26
55,39
42,134
19,138
157,27
64,126
152,133
58,47
101,55
109,43
96,134
151,51
60,92
101,107
43,161
29,20
101,46
64,144
91,9
40,155
147,84
8,144
135,27
21,61
50,30
201,136
126,107
87,63
14,31
190,167
203,192
203,211
95,21
105,44
46,147
148,71
38,139
150,47
62,50
33,97
7,43
20,171
78,109
58,9
25,118
64,47
71,50
49,17
29,167
43,109
4,9
23,147
38,12
139,171
62,39
196,124
59,76
64,52
105,201
53,51
117,162
20,195
136,167
101,31
71,171
19,66
57,100
18,1
26,199
148,43
117,57
88,4
148,89
71,167
24,162
46,99
46,79
78,18
68,5
138,199
18,8
72,176
148,149
102,11
205,181
159,44
63,107
64,35
8,16
18,91
100,35
109,33
74,143
16,0
42,74
122,87
91,144
47,4
17,139
5,167
121,137
183,191
19,151
112,51
64,174
68,167
161,118
42,63
167,171
105,88
122,90
25,16
148,214
56,27
98,50
143,144
44,69
23,170
39,161
136,179
64,6
148,9
8,32
78,4
196,107
21,101
75,23
98,23
176,100
86,152
9,146
11,148
165,142
29,47
19,179
26,16
97,6
36,3
72,6
117,51
95,31
124,173
24,52
74,110
212,193
68,20
94,5
123,176
18,127
10,190
38,147
25,31
96,40
176,25
36,30
68,98
101,100
150,214
150,118
109,110
14,66
19,121
36,143
44,26
135,110
138,176
0,178
205,103
32,9
49,147
78,7
83,1
49,143
1,197
158,162
10,114
18,80
97,217
42,43
94,34
12,23
97,31
13,204
194,39
47,1
9,167
42,62
69,155
100,123
16,38
117,13
36,144
174,3
64,162
16,145
176,42
144,116
46,198
157,110
12,46
95,20
75,190
24,59
54,64
80,31
96,84
17,162
107,18
174,53
10,87
16,147
53,14
14,2
10,199
61,170
23,10
158,171
27,1
120,190
45,126
42,133
33,32
122,50
126,13
53,81
57,14
13,162
53,2
23,133
27,198
19,89
94,178
74,167
25,36
18,100
5,204
23,0
85,17
21,139
42,77
52,120
82,18
144,72
50,47
2,144
14,178
152,10
116,134
78,178
21,62
150,161
29,32
25,110
73,168
92,27
63,202
65,113
40,23
102,9
94,9
84,47
110,133
79,7
152,47
169,61
0,20
22,18
139,36
160,107
121,181
94,176
117,76
65,9
22,199
10,16
108,146
118,23
117,171
68,144
68,178
22,87
47,130
107,125
36,157
174,21
145,162
98,22
0,98
97,23
209,168
122,101
19,62
64,101
26,31
86,138
3,92
14,114
102,149
136,62
44,10
68,6
73,191
148,22
34,62
158,109
135,202
69,54
40,34
95,51
199,217
90,52
33,53
72,144
98,49
144,5
12,60
44,47
122,44
18,12
69,167
50,199
49,16
58,162
16,47
78,90
18,63
11,69
118,86
15,184
71,20
176,72
100,67
57,171
92,56
169,4
116,179
107,93
90,40
147,107
127,18
54,199
17,31
84,62
63,174
169,21
27,47
63,161
60,178
86,88
61,50
119,62
122,84
139,31
13,199
63,61
61,54
98,3
27,24
0,85
24,148
64,90
107,26
0,109
46,96
25,147
107,178
42,151
18,43
53,35
44,66
68,65
3,86
20,133
32,84
77,171
77,162
138,98
183,111
53,43
44,119
49,20
102,197
134,23
173,125
1,154
71,103
128,55
43,12
97,147
5,98
0,19
12,118
78,170
123,69
78,201
143,43
169,109
57,69
150,24
35,126
5,56
49,144
118,147
109,51
69,19
74,94
98,148
153,194
2,51
138,4
35,138
210,192
87,64
52,79
74,98
17,176
94,167
9,11
79,138
113,161
156,15
63,92
45,147
36,66
151,27
193,213
45,162
113,187
53,66
65,182
35,26
102,61
19,199
148,204
155,46
107,16
10,167
148,62
32,63
110,147
89,64
157,138
56,5
25,155
148,117
64,8
138,69
71,109
62,107
53,1
7,139
61,7
72,14
102,126
83,40
94,197
65,148
99,33
17,85
120,162
80,62
85,42
174,145
97,131
3,161
202,167
75,46
58,161
101,162
107,179
63,2
137,167
12,83
24,152
78,23
61,9
107,42
71,138
145,116
118,10
59,171
133,144
123,162
79,9
0,27
51,21
67,204
110,14
16,44
122,202
105,77
38,186
46,95
95,162
58,85
143,84
64,5
49,123
25,27
45,31
136,176
49,92
5,150
16,85
64,50
174,63
193,125
39,182
148,65
78,204
25,23
119,47
75,139
29,147
81,176
138,51
97,37
178,162
85,107
141,1
44,63
0,171
51,155
57,166
156,148
49,44
51,44
72,95
67,50
207,217
18,152
13,59
50,10
126,167
51,84
16,92
168,109
27,56
66,51
118,198
24,126
27,7
120,125
93,57
144,21
64,77
33,12
10,12
135,107
85,126
64,71
5,62
49,155
143,202
87,10
63,44
108,68
0,62
84,85
117,31
121,85
94,204
84,96
209,137
10,197
68,51
135,43
12,17
176,84
151,84
148,199
12,4
7,130
57,10
215,134
18,166
21,197
143,190
118,31
64,72
49,133
47,56
67,42
24,47
107,59
64,199
53,5
24,163
91,110
101,110
69,145
7,63
91,161
182,103
16,155
27,199
101,133
122,162
52,165
176,162
67,109
5,20
27,157
12,27
77,74
58,13
91,139
63,21
155,198
117,38
38,101
25,69
143,24
131,5
58,31
133,166
117,5
29,84
50,176
108,138
78,47
82,205
171,31
162,145
141,148
44,159
157,23
96,18
43,51
47,27
17,171
200,39
102,19
80,59
50,134
12,126
35,12
134,129
16,68
169,24
12,3
66,46
3,33
135,2
71,19
84,25
14,12
154,107
43,155
149,70
131,30
9,101
50,44
140,168
179,167
16,27
4,97
29,1
9,16
12,0
98,33
114,69
95,36
33,47
53,92
97,76
43,62
64,114
66,5
36,179
135,145
108,74
201,38
139,69
35,127
40,1
97,80
148,18
40,31
10,198
161,76
92,162
7,46
12,198
67,94
127,174
9,178
64,139
74,30
209,178
85,98
42,84
14,144
76,145
138,110
147,23
78,56
32,3
117,145
12,33
135,22
64,147
96,44
136,178
49,97
12,64
5,170
47,143
63,114
23,63
85,144
35,45
175,109
187,217
51,29
134,6
105,97
179,199
10,83
93,145
16,25
1,61
146,167
143,134
90,56
43,144
119,168
3,21
109,178
4,27
156,178
68,190
16,178
44,103
121,82
35,10
36,176
97,5
59,107
100,76
190,47
29,195
101,43
76,37
197,171
143,20
78,96
163,53
160,162
44,46
75,72
98,141
88,9
122,4
179,197
29,170
112,199
36,134
18,167
29,7
206,200
0,92
158,145
183,73
61,5
94,21
77,59
93,121
1,84
9,161
148,78
59,31
91,82
132,47
88,145
86,1
101,36
21,195
183,164
27,150
64,60
44,85
121,93
23,27
3,66
42,24
53,18
109,61
171,190
62,137
88,157
0,167
3,5
50,92
121,107
8,162
35,70
141,33
95,61
58,166
12,32
42,13
112,131
33,87
47,43
40,51
78,83
18,65
146,178
144,161
26,70
93,148
60,179
107,190
137,140
22,81
184,178
89,91
143,162
71,51
205,104
148,74
21,35
84,101
65,192
8,1
3,163
109,199
43,3
105,9
71,161
27,152
84,32
186,31
2,66
138,167
47,23
43,110
46,7
78,53
7,38
62,109
48,69
89,10
98,32
151,162
92,109
30,147
117,59
32,47
50,155
12,2
13,145
58,211
57,161
91,21
95,33
114,47
1,20
61,147
17,40
80,44
143,109
122,60
0,33
87,47
65,55
46,8
7,195
24,35
110,138
43,60
71,75
138,50
69,11
56,51
176,148
52,80
18,85
20,64
53,98
10,17
64,10
31,171
3,22
35,64
101,16
180,113
63,138
19,24
177,193
39,173
68,181
17,10
79,25
7,27
141,204
22,32
85,33
43,20
211,28
114,40
46,38
43,4
148,176
86,72
72,134
41,63
83,3
106,70
135,47
8,52
10,31
138,20
135,147
36,204
69,109
92,77
151,20
18,145
123,72
13,9
78,22
106,47
150,62
29,27
147,98
83,10
101,7
44,195
75,109
143,44
161,199
148,68
118,1
55,74
20,98
79,162
3,63
25,139
87,23
33,18
85,31
135,143
93,171
30,50
60,107
74,47
61,64
47,101
7,95
160,184
44,140
86,20
46,36
96,98
110,199
22,6
19,74
101,109
49,84
58,109
53,87
184,55
117,35
23,87
174,109
108,66
217,134
85,16
101,148
157,97
91,101
100,197
121,195
91,16
92,0
127,69
122,56
98,109
66,99
29,155
18,31
176,31
176,11
18,84
147,175
20,76
21,98
138,9
113,217
22,53
123,106
69,127
136,117
155,2
17,61
48,133
65,62
26,12
48,42
74,194
97,139
63,96
97,38
107,44
40,190
64,51
215,47
9,31
59,181
110,40
138,157
33,99
147,46
51,178
36,98
133,31
26,66
148,23
66,92
97,98
29,166
169,162
98,21
63,85
98,150
19,161
83,47
61,31
2,138
92,10
63,40
176,33
85,64
56,179
89,162
102,148
132,65
79,84
49,19
33,25
90,38
127,61
101,198
65,132
53,54
161,23
91,204
43,56
1,69
150,148
46,20
5,84
78,10
35,80
174,1
144,16
119,213
97,27
46,163
84,176
95,85
65,106
71,31
61,33
119,148
56,143
50,74
7,110
157,51
155,109
24,171
139,63
176,36
173,168
119,125
112,167
119,173
91,105
100,59
148,202
58,217
144,133
18,57
144,31
99,2
85,117
33,109
122,22
97,163
79,61
45,61
8,138
78,141
91,50
5,69
64,202
29,76
76,134
36,61
51,36
86,7
73,213
205,82
18,70
64,89
38,98
63,51
161,109
17,199
12,89
131,162
36,21
100,48
176,10
79,204
63,20
79,199
4,7
174,127
168,213
112,148
70,57
110,38
12,143
33,202
21,17
169,144
47,20
72,145
144,33
7,61
21,87
88,149
60,145
16,163
143,87
150,46
75,204
74,69
10,42
46,85
164,28
108,148
126,91
107,196
99,6
2,29
92,38
25,3
145,139
42,111
99,54
178,109
192,203
69,30
62,110
72,23
40,83
96,138
72,25
71,110
75,143
119,201
78,61
19,49
101,47
33,3
19,23
80,89
97,64
95,87
109,56
62,171
24,74
62,163
26,161
25,72
96,36
49,163
1,47
169,53
78,150
106,89
24,63
86,23
92,148
64,161
126,121
65,194
169,85
7,96
67,201
35,18
5,33
69,20
57,106
148,131
23,44
33,114
2,19
20,22
57,148
143,62
138,135
74,149
44,171
198,167
128,168
66,24
7,53
91,126
2,47
50,138
66,214
122,204
61,107
176,54
144,10
29,197
109,1
72,86
139,5
105,202
63,36
66,85
23,32
99,21
110,155
95,24
196,103
139,84
18,211
148,123
86,51
143,72
114,162
63,47
138,86
105,89
20,62
155,33
25,46
14,84
120,16
57,182
134,103
50,84
12,145
93,160
18,158
143,161
58,121
20,7
46,47
132,31
69,42
94,68
111,172
46,75
25,5
60,170
2,12
20,141
70,94
127,62
109,21
98,116
88,74
114,16
12,22
14,68
14,24
42,80
119,200
123,107
5,16
88,38
0,17
26,55
14,3
72,92
144,186
110,27
42,197
66,10
8,31
68,16
200,65
4,68
19,97
102,195
81,20
16,95
118,9
0,107
127,79
25,163
119,189
91,136
107,74
58,145
114,10
2,75
135,69
72,94
13,109
25,38
94,18
87,51
2,31
27,145
105,51
65,200
39,195
49,71
91,164
110,4
69,6
209,76
128,137
80,107
55,184
25,96
121,217
64,91
25,98
29,171
61,63
1,9
46,214
61,47
65,105
109,22
50,67
49,95
160,197
85,147
20,155
117,70
44,129
72,44
117,27
46,87
33,31
60,30
143,151
173,188
72,18
66,31
96,92
19,44
65,50
173,203
44,138
56,199
20,144
29,61
65,131
134,189
69,53
54,84
135,5
20,143
21,110
5,147
61,83
144,40
50,86
55,201
150,12
9,19
20,126
9,190
64,176
74,71
65,115
66,162
126,4
109,139
163,62
23,1
47,204
190,162
38,31
33,6
78,36
86,98
75,167
138,38
42,1
19,123
200,140
24,38
38,134
23,98
53,56
36,161
47,9
114,19
95,23
163,2
69,148
87,49
4,84
176,91
81,190
69,184
49,31
40,87
53,174
18,197
20,86
148,12
23,7
157,31
96,53
21,170
46,24
21,66
123,121
68,36
42,7
9,54
148,82
162,199
117,24
24,10
170,109
66,151
123,35
141,109
97,18
169,87
39,73
21,118
5,50
85,10
85,76
79,52
27,9
21,123
98,107
23,145
77,9
118,51
35,25
4,54
9,50
63,163
91,1
16,31
59,115
97,109
122,98
161,101
130,109
123,18
122,25
15,31
148,97
63,24
135,199
77,145
122,133
66,21
85,217
69,70
112,109
44,2
22,20
84,155
92,144
109,4
2,16
119,137
48,178
64,21
40,47
24,67
33,94
155,63
2,101
20,46
8,43
167,145
49,87
125,73
193,140
26,47
155,97
85,36
59,82
196,191
38,110
79,43
3,147
91,162
150,167
63,11
148,5
121,140
93,167
107,36
91,102
18,171
71,107
209,109
64,49
78,198
85,44
117,85
100,62
22,33
82,148
22,21
137,201
79,1
155,190
125,177
110,198
108,57
24,32
53,22
160,190
154,131
43,163
19,43
44,165
72,70
69,162
138,96
4,10
143,21
21,46
136,42
24,7
133,47
19,149
44,19
218,240
219,276
220,261
221,252
221,232
222,284
223,250
224,248
225,240
219,300
226,262
227,235
228,230
229,221
230,267
224,278
231,242
232,259
227,285
228,285
233,271
225,281
234,227
235,285
236,282
237,285
232,241
238,246
229,231
235,290
240,220
227,223
241,222
242,243
243,242
244,233
243,262
222,232
219,263
245,301
245,273
232,225
246,297
247,259
235,238
218,233
248,227
225,276
226,245
231,259
249,253
250,251
222,243
251,289
233,222
252,233
253,284
254,233
255,230
256,221
257,250
258,237
255,269
259,221
255,228
260,255
224,251
260,230
261,237
245,263
249,230
240,219
262,281
248,250
228,235
224,287
252,284
235,250
245,240
259,282
259,264
253,231
263,222
260,283
241,273
264,240
265,233
231,244
233,270
220,263
241,279
266,270
245,254
267,230
237,261
239,254
262,221
238,291
268,221
224,294
233,218
240,274
269,267
235,287
270,254
271,297
260,267
240,233
272,255
258,224
259,252
273,277
236,224
224,261
240,245
223,228
224,282
241,259
219,225
225,282
233,266
274,262
242,262
233,256
242,233
274,275
267,231
275,243
276,241
240,264
260,269
240,256
277,245
263,242
278,255
245,225
279,253
253,279
223,261
268,233
237,254
277,266
277,233
263,273
247,245
257,227
264,256
264,287
237,293
226,263
235,293
280,239
259,218
226,233
279,231
245,266
281,242
231,229
219,279
282,293
254,263
280,251
221,229
283,290
253,273
249,266
267,278
284,274
238,228
283,231
245,279
241,233
273,243
252,259
233,276
282,294
281,252
256,233
279,241
249,282
241,245
237,235
283,254
243,275
260,236
285,261
286,261
271,221
218,225
219,293
249,264
265,254
238,224
253,259
287,252
239,296
243,263
267,255
232,261
218,287
266,263
288,259
281,233
253,262
268,225
244,231
227,234
277,299
273,270
249,262
258,228
248,269
263,275
287,239
227,282
287,264
252,221
280,282
248,224
263,221
259,288
263,226
257,251
245,277
263,241
289,250
253,226
261,286
237,278
290,238
291,293
275,284
253,221
249,226
219,297
275,233
281,263
225,242
232,264
292,291
235,228
293,291
228,267
264,241
293,301
267,250
239,290
221,263
273,233
228,254
231,277
261,282
271,284
240,221
288,282
273,252
260,264
224,250
240,238
252,235
260,296
228,239
244,241
224,285
226,282
236,228
245,243
279,233
266,225
254,298
223,251
218,273
280,238
269,278
255,278
235,224
266,268
237,238
273,247
279,245
246,296
228,252
264,238
294,254
271,244
227,257
232,240
261,218
269,223
251,227
255,290
225,219
285,234
238,232
283,296
254,293
219,232
231,267
261,232
220,282
268,231
278,235
284,271
264,232
293,235
266,277
228,250
252,238
259,219
231,254
249,300
275,301
221,271
283,230
266,226
242,263
249,231
230,269
267,283
238,256
280,290
232,221
235,286
230,280
226,273
219,266
231,265
225,263
250,234
238,261
295,282
277,219
235,269
279,244
257,223
234,251
260,254
243,284
290,283
230,258
259,281
225,245
234,250
284,231
265,231
226,275
287,290
238,237
249,233
261,285
240,259
271,273
245,233
227,290
259,241
280,218
229,245
287,286
270,275
219,240
226,266
284,273
269,250
237,224
222,252
234,282
226,265
229,266
250,269
219,273
261,238
233,260
296,239
238,252
297,282
266,249
294,293
262,263
235,218
222,218
233,242
249,255
264,235
225,220
232,268
298,265
232,238
240,284
231,263
231,284
274,284
252,232
228,278
262,241
266,245
287,238
231,283
238,285
251,223
238,254
260,251
269,251
284,221
296,269
266,243
256,264
279,240
284,252
224,252
252,240
236,269
287,255
300,275
223,237
230,283
281,262
226,225
240,282
240,218
238,218
281,222
233,254
270,233
252,281
237,239
260,249
225,252
232,235
251,250
245,281
241,244
296,230
224,237
284,232
280,285
247,225
230,255
221,245
291,282
245,282
221,243
226,276
226,281
232,256
279,266
218,280
259,253
241,284
233,245
266,229
245,247
278,267
240,261
271,256
235,278
289,285
225,233
266,221
297,291
235,282
290,289
290,224
264,225
224,296
274,252
252,218
282,291
225,226
225,221
289,227
236,290
294,291
256,232
245,271
266,279
226,279
258,290
235,248
264,284
259,256
271,252
237,256
261,252
252,278
261,264
241,277
235,223
263,225
264,273
244,226
269,236
226,231
252,301
258,278
222,241
293,237
285,238
247,226
290,282
299,277
264,252
231,279
287,254
277,241
245,252
290,235
226,243
225,247
246,275
225,232
245,221
245,284
273,264
230,228
278,296
279,226
274,233
241,276
264,254
264,259
233,273
275,274
237,301
252,261
218,264
235,264
250,223
260,278
233,279
221,233
223,267
240,225
252,260
301,237
234,235
263,254
221,226
296,280
225,268
281,271
288,256
219,233
238,295
244,263
241,252
237,282
218,252
283,267
272,261
258,267
248,237
232,273
235,234
252,273
226,295
237,234
291,235
247,254
301,252
263,233
267,269
273,222
281,245
218,235
267,254
245,241
241,264
293,254
237,252
232,219
273,276
252,225
232,300
251,234
264,218
233,244
253,246
273,240
219,259
218,232
235,294
254,302
230,235
257,237
296,255
261,227
218,256
241,262
280,237
267,223
285,252
277,273
279,277
228,269
252,264
262,233
264,233
273,281
222,245
235,237
259,254
263,282
234,269
233,243
232,222
280,224
251,228
233,229
251,269
273,266
240,252
267,224
273,221
237,218
260,238
256,240
277,279
240,266
245,270
230,278
263,279
221,274
284,281
252,287
284,226
233,259
241,263
280,234
293,294
228,255
284,241
273,271
252,237
235,256
288,252
260,295
296,246
266,219
259,235
221,281
219,245
239,282
240,232
264,260
256,226
263,262
239,283
252,241
273,232
255,267
290,296
224,223
251,261
220,254
273,244
253,220
234,237
244,279
235,252
281,259
266,231
242,231
249,263
218,222
226,242
219,281
287,261
253,263
290,228
245,222
261,234
218,238
236,251
265,239
224,238
226,244
287,235
259,247
298,254
235,267
269,228
224,234
219,221
248,282
240,226
233,275
232,252
233,221
248,235
263,244
266,240
267,252
240,272
233,252
252,285
281,273
278,230
228,290
233,262
273,259
265,263
221,256
220,240
260,231
281,284
261,287
266,274
291,294
273,245
235,291
274,270
233,264
260,259
228,238
267,235
264,286
289,223
237,223
225,264
224,236
224,228
238,287
252,292
262,231
279,263
219,301
281,221
243,226
254,231
252,222
229,241
240,281
287,285
293,282
244,268
240,273
268,270
264,221
299,283
223,234
219,277
246,263
230,296
226,240
259,233
290,239
248,228
258,230
232,233
233,240
226,247
236,227
301,293
259,238
249,254
263,231
259,231
296,260
240,254
266,233
258,238
260,239
271,233
271,241
233,241
266,273
237,227
260,250
265,252
220,253
254,265
236,283
271,281
296,283
249,228
263,243
225,218
261,235
261,251
280,296
237,250
292,252
240,279
259,240
262,254
273,279
257,289
234,223
221,273
226,284
285,237
267,228
226,246
280,235
284,233
235,230
239,293
283,236
224,235
276,233
253,266
278,269
226,297
223,227
265,298
240,297
250,227
287,256
218,259
243,229
224,283
273,241
289,251
221,262
235,296
257,285
219,284
264,261
253,281
225,266
220,225
270,244
246,238
227,250
222,273
229,233
269,235
283,224
246,282
279,219
266,253
233,277
292,282
287,282
253,233
236,285
302,282
262,243
234,285
277,231
302,254
240,271
286,264
243,245
281,297
273,254
259,232
221,240
259,273
264,282
238,264
262,242
256,259
254,239
241,218
273,218
231,262
280,230
294,282
233,263
232,218
269,234
263,245
246,295
287,218
252,245
296,228
235,261
225,254
252,291
270,245
221,259
227,237
225,275
284,243
222,233
259,225
283,239
290,255
221,284
233,284
256,288
238,290
252,288
273,268
284,245
256,273
253,242
273,284
228,251
223,269
240,268
236,289
273,263
258,269
245,244
221,266
233,281
280,228
253,249
221,225
279,273
245,229
225,259
235,227
227,289
223,289
222,263
238,235
228,296
222,281
273,256
219,264
235,289
250,237
229,243
234,261
229,284
218,261
303,319
305,320
306,308
307,317
308,322
309,317
304,320
310,316
307,309
304,309
311,308
305,304
312,313
308,310
313,319
314,305
315,320
312,319
316,305
307,308
316,303
310,305
309,307
314,316
311,322
316,308
318,323
319,308
314,311
320,304
313,308
321,312
307,303
311,319
313,309
312,309
305,321
310,311
304,308
322,313
322,306
310,324
313,310
320,323
305,306
305,317
315,319
305,318
323,308
319,320
316,312
309,305
316,320
311,309
309,322
320,324
309,311
319,314
314,313
313,322
307,323
320,308
305,314
322,309
317,307
307,320
304,307
323,304
322,305
308,306
314,322
308,313
322,311
306,309
305,307
307,304
308,315
318,316
324,318
317,324
321,320
307,316
322,319
305,322
313,317
317,305
317,309
303,305
305,310
321,318
320,310
308,320
313,315
306,305
315,313
319,316
306,322
306,313
307,324
303,308
313,306
308,304
320,316
309,313
305,316
320,321
313,311
320,305
323,319
320,312
309,314
312,317
311,320
308,311
323,310
315,309
308,305
307,312
324,323
314,310
318,324
320,303
313,314
305,303
312,321
312,324
313,320
310,319
312,320
324,320
309,308
317,320
308,307
323,305
314,319
313,305
312,318
320,318
308,314
319,310
318,320
322,308
304,323
310,309
305,311
305,313
305,315
314,308
320,309
307,318
317,321
305,309
309,304
314,309
308,319
305,308
305,324
319,305
307,319
309,310
323,309
311,305
310,313
314,317
307,305
320,307
316,310
320,319
307,321
303,309
305,319
308,317
308,309
316,318
310,303
309,315
314,306
315,305
322,310
323,307
321,324
312,308
314,315
309,320
324,312
309,306
307,310
310,308
305,312
315,308
317,318
325,333
326,323
325,326
326,333
327,323
323,332
323,331
320,323
323,326
327,329
328,329
320,329
329,323
326,329
320,316
323,333
328,324
326,324
316,320
320,324
330,323
328,320
326,331
331,320
320,325
330,332
324,329
320,333
325,331
329,320
320,326
324,323
323,325
329,324
326,325
326,332
323,327
320,332
332,326
329,316
324,320
326,316
326,320
316,329
332,323
333,326
327,320
334,325
325,320
332,330
333,325
335,353
336,339
337,358
338,374
339,364
192,388
337,348
340,389
341,392
342,377
343,349
344,386
345,353
346,373
347,350
349,366
350,396
351,353
352,76
353,377
354,394
355,392
356,386
341,354
356,353
353,335
349,401
357,337
358,342
359,366
358,373
360,390
361,376
362,391
336,338
346,348
363,377
356,394
364,390
340,366
354,353
365,344
366,354
368,335
337,351
336,381
344,355
364,348
369,394
340,354
370,361
338,344
361,394
363,358
371,337
343,366
372,390
353,372
355,344
373,390
374,338
375,336
376,371
338,336
357,390
373,382
365,339
377,336
370,377
338,360
378,376
353,364
345,391
345,386
379,392
380,358
367,398
349,386
381,373
338,364
382,397
383,360
353,395
368,386
373,401
338,358
343,344
349,359
335,368
349,377
365,372
377,401
379,384
344,396
368,379
345,380
335,366
349,384
365,358
384,401
384,355
386,366
373,392
387,381
348,346
376,366
337,379
376,365
361,383
374,392
371,346
354,358
359,396
362,363
386,344
340,344
362,366
348,338
362,386
388,192
342,380
387,394
342,358
339,358
353,339
380,390
368,358
339,373
366,353
358,396
361,363
376,354
337,349
337,393
340,390
353,354
365,385
369,358
361,386
353,351
337,384
357,349
386,358
192,352
76,402
389,342
356,380
354,346
370,373
366,372
366,344
337,399
353,356
362,358
361,401
389,391
379,370
390,344
338,383
368,370
357,340
392,394
373,354
361,344
393,386
394,335
366,385
394,392
378,365
384,390
384,391
394,390
349,361
374,373
368,361
355,377
338,399
349,340
380,356
372,386
379,340
336,375
364,373
364,394
380,392
339,386
372,336
380,369
396,377
353,359
371,391
389,386
373,366
336,358
393,384
356,388
364,386
355,394
342,386
397,373
354,386
337,339
342,391
338,363
346,359
389,394
336,395
391,377
374,353
373,396
344,392
393,355
378,366
364,366
339,377
362,348
346,371
393,344
339,192
364,355
346,399
366,339
366,341
375,358
398,367
375,335
340,382
340,358
349,374
363,390
378,348
76,342
364,391
371,343
336,376
340,386
391,344
344,397
374,354
357,363
368,390
335,356
337,345
374,366
353,348
387,396
354,378
353,365
353,337
341,358
339,335
346,392
384,396
354,377
346,376
346,349
384,338
393,337
371,342
399,394
336,390
338,392
376,349
372,395
379,354
379,386
371,366
372,366
392,344
366,360
354,361
337,360
384,393
365,359
344,360
345,394
337,343
368,392
347,400
379,338
349,351
343,373
338,359
379,344
337,385
340,396
335,394
361,335
361,353
349,344
396,394
192,398
366,399
346,338
365,349
376,374
366,374
375,390
366,392
380,371
366,349
374,386
373,397
366,348
401,377
361,354
384,371
369,366
380,342
376,353
349,348
349,376
386,377
383,366
402,394
337,366
211,352
350,366
345,390
391,346
386,392
354,370
76,380
340,373
384,353
366,375
361,360
361,374
340,392
342,371
346,385
365,392
374,337
379,366
337,374
393,392
364,339
377,358
379,368
363,349
366,379
354,379
403,192
393,391
393,372
378,345
371,384
345,401
384,392
342,390
377,394
384,372
366,340
338,361
358,377
381,387
391,394
366,371
366,389
368,377
363,386
349,346
396,355
366,363
360,386
353,360
376,392
338,349
340,348
349,364
192,397
354,366
366,390
336,349
363,396
391,337
376,358
364,337
344,394
342,389
361,340
366,361
371,345
366,358
377,344
382,373
356,363
372,344
362,394
357,371
379,373
365,377
373,344
338,376
366,383
364,344
365,384
374,340
367,347
76,352
370,366
372,365
375,394
356,375
